Collection name,RMSE mean,RMSE std,Delta E mean,Delta E std
sony_corrected_danet,0.22228032528141148,0.206418878529101,0.17128372662013863,0.1803921149364768
sony_corrected_danet_pp,0.2087184414224185,0.07846980577961299,0.17549707721521043,0.2258582201159696
sony_corrected_nlmd,0.1135651458146268,0.06657242876319083,0.03824745738104577,0.02076579976065927
sony_corrected_uformer,0.2288304840812915,0.25555589019224034,0.3051806788175845,0.11446022197088093
